host,localServiceName,awsServiceName,kilowattHours,co2e
195.213.64.37,Intel(R) Xeon(R) Gold 6132 CPU @ 2.60GHz,AmazonEC2:c5n.metal,40.712564373660264,9.282464677194541
195.213.64.38,Intel(R) Xeon(R) Gold 6132 CPU @ 2.60GHz,AmazonEC2:c5n.metal,40.712564373660264,9.282464677194541
195.213.73.169,Intel(R) Xeon(R) Gold 6132 CPU @ 2.60GHz,AmazonEC2:c5n.metal,40.58480769953414,13.717665002442537
195.213.73.171,Intel(R) Xeon(R) Gold 6132 CPU @ 2.60GHz,AmazonEC2:c5n.metal,40.58480769953414,13.717665002442537
--,Storage,,2.4652868341945576e-9,7.350612851223559e-10
--,Network usage,,0.7263999999999999,0.20557119999999998
Total,--,,163.32114414885407,46.20583056000922
